{
  "__inputs": [
    {
      "name": "DS_INFLUXDB",
      "label": "InfluxDB",
      "description": "",
      "type": "datasource",
      "pluginId": "influxdb",
      "pluginName": "InfluxDB"
    }
  ],
  "__elements": [
    {
      "name": "Growatt Actual",
      "uid": "vHD8FHynk",
      "kind": 1,
      "model": {
        "description": "",
        "fieldConfig": {
          "defaults": {
            "color": {
              "mode": "thresholds"
            },
            "mappings": [],
            "max": 2000,
            "min": 0,
            "thresholds": {
              "mode": "absolute",
              "steps": [
                {
                  "color": "dark-red",
                  "value": null
                },
                {
                  "color": "semi-dark-yellow",
                  "value": 500
                },
                {
                  "color": "dark-green",
                  "value": 1000
                }
              ]
            },
            "unit": "watt"
          },
          "overrides": []
        },
        "gridPos": {
          "h": 11,
          "w": 3,
          "x": 12,
          "y": 0
        },
        "id": 4,
        "options": {
          "orientation": "auto",
          "reduceOptions": {
            "calcs": [
              "lastNotNull"
            ],
            "fields": "",
            "values": false
          },
          "showThresholdLabels": false,
          "showThresholdMarkers": true
        },
        "pluginVersion": "8.3.4",
        "targets": [
          {
            "datasource": {
              "type": "influxdb",
              "uid": "${DS_INFLUXDB}"
            },
            "groupBy": [],
            "measurement": "QMB2823261",
            "orderByTime": "ASC",
            "policy": "default",
            "query": "SELECT \"power_used\"   AS \"dag\" FROM \"electricity\" WHERE $timeFilter ",
            "rawQuery": false,
            "refId": "A",
            "resultFormat": "time_series",
            "select": [
              [
                {
                  "params": [
                    "pvgridpower"
                  ],
                  "type": "field"
                },
                {
                  "params": [
                    " / 10"
                  ],
                  "type": "math"
                },
                {
                  "params": [
                    "dag"
                  ],
                  "type": "alias"
                }
              ]
            ],
            "tags": []
          }
        ],
        "title": "Power Actual",
        "type": "gauge"
      }
    },
    {
      "name": "Growatt Day",
      "uid": "LGsrFNy7z",
      "kind": 1,
      "model": {
        "description": "",
        "fieldConfig": {
          "defaults": {
            "color": {
              "mode": "palette-classic"
            },
            "custom": {
              "axisLabel": "",
              "axisPlacement": "auto",
              "barAlignment": 0,
              "drawStyle": "bars",
              "fillOpacity": 0,
              "gradientMode": "none",
              "hideFrom": {
                "legend": false,
                "tooltip": false,
                "viz": false
              },
              "lineInterpolation": "linear",
              "lineWidth": 1,
              "pointSize": 5,
              "scaleDistribution": {
                "type": "linear"
              },
              "showPoints": "auto",
              "spanNulls": false,
              "stacking": {
                "group": "A",
                "mode": "none"
              },
              "thresholdsStyle": {
                "mode": "line"
              }
            },
            "mappings": [],
            "thresholds": {
              "mode": "absolute",
              "steps": [
                {
                  "color": "dark-red",
                  "value": null
                },
                {
                  "color": "#EAB839",
                  "value": 4
                },
                {
                  "color": "dark-green",
                  "value": 8
                }
              ]
            },
            "unit": "kwatt"
          },
          "overrides": []
        },
        "gridPos": {
          "h": 9,
          "w": 12,
          "x": 0,
          "y": 11
        },
        "id": 6,
        "options": {
          "legend": {
            "calcs": [],
            "displayMode": "list",
            "placement": "bottom"
          },
          "tooltip": {
            "mode": "single"
          }
        },
        "targets": [
          {
            "alias": "power ",
            "datasource": {
              "type": "influxdb",
              "uid": "${DS_INFLUXDB}"
            },
            "groupBy": [
              {
                "params": [
                  "$__interval"
                ],
                "type": "time"
              },
              {
                "params": [
                  "linear"
                ],
                "type": "fill"
              }
            ],
            "measurement": "QMB2823261",
            "orderByTime": "ASC",
            "policy": "default",
            "refId": "A",
            "resultFormat": "time_series",
            "select": [
              [
                {
                  "params": [
                    "pvenergytoday"
                  ],
                  "type": "field"
                },
                {
                  "params": [],
                  "type": "mean"
                },
                {
                  "params": [
                    " / 10"
                  ],
                  "type": "math"
                }
              ]
            ],
            "tags": []
          }
        ],
        "title": "Growatt Day",
        "transformations": [],
        "type": "timeseries"
      }
    },
    {
      "name": "Growatt Day Gauge",
      "uid": "lFVCFHs7z",
      "kind": 1,
      "model": {
        "description": "",
        "fieldConfig": {
          "defaults": {
            "color": {
              "mode": "thresholds"
            },
            "mappings": [],
            "max": 12,
            "min": 0,
            "thresholds": {
              "mode": "absolute",
              "steps": [
                {
                  "color": "dark-red",
                  "value": null
                },
                {
                  "color": "semi-dark-yellow",
                  "value": 4
                },
                {
                  "color": "dark-green",
                  "value": 8
                }
              ]
            },
            "unit": "kwatt"
          },
          "overrides": []
        },
        "gridPos": {
          "h": 9,
          "w": 3,
          "x": 12,
          "y": 11
        },
        "id": 8,
        "options": {
          "orientation": "auto",
          "reduceOptions": {
            "calcs": [
              "lastNotNull"
            ],
            "fields": "",
            "values": false
          },
          "showThresholdLabels": false,
          "showThresholdMarkers": true
        },
        "pluginVersion": "8.3.4",
        "targets": [
          {
            "datasource": {
              "type": "influxdb",
              "uid": "${DS_INFLUXDB}"
            },
            "groupBy": [],
            "measurement": "QMB2823261",
            "orderByTime": "ASC",
            "policy": "default",
            "query": "SELECT \"power_used\"   AS \"dag\" FROM \"electricity\" WHERE $timeFilter ",
            "rawQuery": false,
            "refId": "A",
            "resultFormat": "time_series",
            "select": [
              [
                {
                  "params": [
                    "pvenergytoday"
                  ],
                  "type": "field"
                },
                {
                  "params": [
                    " / 10"
                  ],
                  "type": "math"
                },
                {
                  "params": [
                    "dag"
                  ],
                  "type": "alias"
                }
              ]
            ],
            "tags": []
          }
        ],
        "title": "Growatt Day",
        "type": "gauge"
      }
    },
    {
      "name": "Growatt  Total Gauge",
      "uid": "oQR3FNs7z",
      "kind": 1,
      "model": {
        "description": "",
        "fieldConfig": {
          "defaults": {
            "color": {
              "mode": "thresholds"
            },
            "mappings": [],
            "max": 2000,
            "min": 0,
            "thresholds": {
              "mode": "absolute",
              "steps": [
                {
                  "color": "dark-red",
                  "value": null
                },
                {
                  "color": "semi-dark-yellow",
                  "value": 1000
                },
                {
                  "color": "dark-green",
                  "value": 1500
                }
              ]
            },
            "unit": "kwatt"
          },
          "overrides": []
        },
        "gridPos": {
          "h": 9,
          "w": 3,
          "x": 15,
          "y": 11
        },
        "id": 10,
        "options": {
          "orientation": "auto",
          "reduceOptions": {
            "calcs": [
              "lastNotNull"
            ],
            "fields": "",
            "values": false
          },
          "showThresholdLabels": false,
          "showThresholdMarkers": true
        },
        "pluginVersion": "8.3.4",
        "targets": [
          {
            "datasource": {
              "type": "influxdb",
              "uid": "${DS_INFLUXDB}"
            },
            "groupBy": [],
            "hide": false,
            "measurement": "QMB2823261",
            "orderByTime": "ASC",
            "policy": "default",
            "query": "SELECT \"pvenergytotal\" / 10 FROM \"QMB2823261\" WHERE $timeFilter",
            "rawQuery": false,
            "refId": "A",
            "resultFormat": "time_series",
            "select": [
              [
                {
                  "params": [
                    "pvenergytotal"
                  ],
                  "type": "field"
                }
              ]
            ],
            "tags": []
          }
        ],
        "title": "Growatt Total",
        "transformations": [],
        "type": "gauge"
      }
    }
  ],
  "__requires": [
    {
      "type": "panel",
      "id": "gauge",
      "name": "Gauge",
      "version": ""
    },
    {
      "type": "grafana",
      "id": "grafana",
      "name": "Grafana",
      "version": "8.3.4"
    },
    {
      "type": "datasource",
      "id": "influxdb",
      "name": "InfluxDB",
      "version": "1.0.0"
    },
    {
      "type": "panel",
      "id": "timeseries",
      "name": "Time series",
      "version": ""
    }
  ],
  "annotations": {
    "list": [
      {
        "builtIn": 1,
        "datasource": "-- Grafana --",
        "enable": true,
        "hide": true,
        "iconColor": "rgba(0, 211, 255, 1)",
        "name": "Annotations & Alerts",
        "target": {
          "limit": 100,
          "matchAny": false,
          "tags": [],
          "type": "dashboard"
        },
        "type": "dashboard"
      }
    ]
  },
  "editable": true,
  "fiscalYearStartMonth": 0,
  "graphTooltip": 0,
  "id": null,
  "links": [],
  "liveNow": false,
  "panels": [
    {
      "fieldConfig": {
        "defaults": {
          "color": {
            "mode": "palette-classic"
          },
          "custom": {
            "axisLabel": "",
            "axisPlacement": "auto",
            "barAlignment": 0,
            "drawStyle": "bars",
            "fillOpacity": 0,
            "gradientMode": "none",
            "hideFrom": {
              "legend": false,
              "tooltip": false,
              "viz": false
            },
            "lineInterpolation": "linear",
            "lineWidth": 1,
            "pointSize": 5,
            "scaleDistribution": {
              "type": "linear"
            },
            "showPoints": "auto",
            "spanNulls": false,
            "stacking": {
              "group": "A",
              "mode": "none"
            },
            "thresholdsStyle": {
              "mode": "line"
            }
          },
          "mappings": [],
          "thresholds": {
            "mode": "absolute",
            "steps": [
              {
                "color": "transparent",
                "value": null
              },
              {
                "color": "dark-yellow",
                "value": 500
              },
              {
                "color": "dark-green",
                "value": 1000
              }
            ]
          },
          "unit": "watt"
        },
        "overrides": []
      },
      "gridPos": {
        "h": 11,
        "w": 12,
        "x": 0,
        "y": 0
      },
      "id": 2,
      "options": {
        "legend": {
          "calcs": [],
          "displayMode": "list",
          "placement": "bottom"
        },
        "tooltip": {
          "mode": "single"
        }
      },
      "targets": [
        {
          "alias": "power ",
          "datasource": {
            "type": "influxdb",
            "uid": "${DS_INFLUXDB}"
          },
          "groupBy": [
            {
              "params": [
                "$__interval"
              ],
              "type": "time"
            },
            {
              "params": [
                "linear"
              ],
              "type": "fill"
            }
          ],
          "measurement": "QMB2823261",
          "orderByTime": "ASC",
          "policy": "default",
          "refId": "A",
          "resultFormat": "time_series",
          "select": [
            [
              {
                "params": [
                  "pvgridpower"
                ],
                "type": "field"
              },
              {
                "params": [],
                "type": "mean"
              },
              {
                "params": [
                  " / 10"
                ],
                "type": "math"
              }
            ]
          ],
          "tags": []
        }
      ],
      "title": "Growatt Actual ",
      "transformations": [],
      "type": "timeseries"
    },
    {
      "description": "",
      "fieldConfig": {
        "defaults": {
          "color": {
            "mode": "thresholds"
          },
          "mappings": [],
          "max": 2000,
          "min": 0,
          "thresholds": {
            "mode": "absolute",
            "steps": [
              {
                "color": "dark-red",
                "value": null
              },
              {
                "color": "semi-dark-yellow",
                "value": 500
              },
              {
                "color": "dark-green",
                "value": 1000
              }
            ]
          },
          "unit": "watt"
        },
        "overrides": []
      },
      "gridPos": {
        "h": 11,
        "w": 3,
        "x": 12,
        "y": 0
      },
      "id": 4,
      "libraryPanel": {
        "description": "",
        "meta": {
          "connectedDashboards": 1,
          "created": "2022-03-27T13:51:59+02:00",
          "createdBy": {
            "avatarUrl": "/avatar/46d229b033af06a191ff2267bca9ae56",
            "id": 1,
            "name": "admin"
          },
          "folderName": "General",
          "folderUid": "",
          "updated": "2022-03-27T14:11:36+02:00",
          "updatedBy": {
            "avatarUrl": "/avatar/46d229b033af06a191ff2267bca9ae56",
            "id": 1,
            "name": "admin"
          }
        },
        "name": "Growatt Actual",
        "type": "gauge",
        "uid": "vHD8FHynk",
        "version": 7
      },
      "options": {
        "orientation": "auto",
        "reduceOptions": {
          "calcs": [
            "lastNotNull"
          ],
          "fields": "",
          "values": false
        },
        "showThresholdLabels": false,
        "showThresholdMarkers": true
      },
      "pluginVersion": "8.3.4",
      "targets": [
        {
          "datasource": {
            "type": "influxdb",
            "uid": "${DS_INFLUXDB}"
          },
          "groupBy": [],
          "measurement": "QMB2823261",
          "orderByTime": "ASC",
          "policy": "default",
          "query": "SELECT \"power_used\"   AS \"dag\" FROM \"electricity\" WHERE $timeFilter ",
          "rawQuery": false,
          "refId": "A",
          "resultFormat": "time_series",
          "select": [
            [
              {
                "params": [
                  "pvgridpower"
                ],
                "type": "field"
              },
              {
                "params": [
                  " / 10"
                ],
                "type": "math"
              },
              {
                "params": [
                  "dag"
                ],
                "type": "alias"
              }
            ]
          ],
          "tags": []
        }
      ],
      "title": "Power Actual",
      "type": "gauge"
    },
    {
      "fieldConfig": {
        "defaults": {
          "color": {
            "mode": "thresholds"
          },
          "mappings": [],
          "thresholds": {
            "mode": "absolute",
            "steps": [
              {
                "color": "red",
                "value": null
              },
              {
                "color": "green",
                "value": 80
              },
              {
                "color": "red",
                "value": 450
              }
            ]
          }
        },
        "overrides": []
      },
      "gridPos": {
        "h": 11,
        "w": 3,
        "x": 15,
        "y": 0
      },
      "id": 13,
      "options": {
        "orientation": "auto",
        "reduceOptions": {
          "calcs": [
            "lastNotNull"
          ],
          "fields": "",
          "values": false
        },
        "showThresholdLabels": false,
        "showThresholdMarkers": true
      },
      "pluginVersion": "8.3.4",
      "targets": [
        {
          "datasource": {
            "type": "influxdb",
            "uid": "${DS_INFLUXDB}"
          },
          "groupBy": [
            {
              "params": [
                "$__interval"
              ],
              "type": "time"
            },
            {
              "params": [
                "null"
              ],
              "type": "fill"
            }
          ],
          "measurement": "QMB2823261",
          "orderByTime": "ASC",
          "policy": "default",
          "refId": "A",
          "resultFormat": "time_series",
          "select": [
            [
              {
                "params": [
                  "pv1voltage"
                ],
                "type": "field"
              },
              {
                "params": [],
                "type": "mean"
              },
              {
                "params": [
                  " / 10"
                ],
                "type": "math"
              }
            ]
          ],
          "tags": []
        }
      ],
      "title": "PV Voltage",
      "type": "gauge"
    },
    {
      "fieldConfig": {
        "defaults": {
          "color": {
            "mode": "thresholds"
          },
          "mappings": [],
          "thresholds": {
            "mode": "absolute",
            "steps": [
              {
                "color": "blue",
                "value": null
              },
              {
                "color": "green",
                "value": 0
              },
              {
                "color": "#EAB839",
                "value": 50
              },
              {
                "color": "red",
                "value": 75
              }
            ]
          }
        },
        "overrides": []
      },
      "gridPos": {
        "h": 11,
        "w": 3,
        "x": 18,
        "y": 0
      },
      "id": 17,
      "options": {
        "orientation": "auto",
        "reduceOptions": {
          "calcs": [
            "lastNotNull"
          ],
          "fields": "",
          "values": false
        },
        "showThresholdLabels": false,
        "showThresholdMarkers": true
      },
      "pluginVersion": "8.3.4",
      "targets": [
        {
          "datasource": {
            "type": "influxdb",
            "uid": "${DS_INFLUXDB}"
          },
          "groupBy": [
            {
              "params": [
                "$__interval"
              ],
              "type": "time"
            },
            {
              "params": [
                "null"
              ],
              "type": "fill"
            }
          ],
          "measurement": "QMB2823261",
          "orderByTime": "ASC",
          "policy": "default",
          "refId": "A",
          "resultFormat": "time_series",
          "select": [
            [
              {
                "params": [
                  "pvtemperature"
                ],
                "type": "field"
              },
              {
                "params": [],
                "type": "mean"
              },
              {
                "params": [
                  " / 10"
                ],
                "type": "math"
              }
            ]
          ],
          "tags": []
        }
      ],
      "title": "PV Temp",
      "type": "gauge"
    },
    {
      "fieldConfig": {
        "defaults": {
          "color": {
            "mode": "thresholds"
          },
          "mappings": [],
          "thresholds": {
            "mode": "absolute",
            "steps": [
              {
                "color": "red",
                "value": null
              },
              {
                "color": "green",
                "value": 220
              },
              {
                "color": "red",
                "value": 250
              }
            ]
          }
        },
        "overrides": []
      },
      "gridPos": {
        "h": 6,
        "w": 3,
        "x": 21,
        "y": 0
      },
      "id": 12,
      "options": {
        "orientation": "auto",
        "reduceOptions": {
          "calcs": [
            "lastNotNull"
          ],
          "fields": "",
          "values": false
        },
        "showThresholdLabels": false,
        "showThresholdMarkers": true
      },
      "pluginVersion": "8.3.4",
      "targets": [
        {
          "datasource": {
            "type": "influxdb",
            "uid": "${DS_INFLUXDB}"
          },
          "groupBy": [
            {
              "params": [
                "$__interval"
              ],
              "type": "time"
            },
            {
              "params": [
                "null"
              ],
              "type": "fill"
            }
          ],
          "measurement": "QMB2823261",
          "orderByTime": "ASC",
          "policy": "default",
          "refId": "A",
          "resultFormat": "time_series",
          "select": [
            [
              {
                "params": [
                  "pvgridvoltage"
                ],
                "type": "field"
              },
              {
                "params": [],
                "type": "mean"
              },
              {
                "params": [
                  " / 10"
                ],
                "type": "math"
              }
            ]
          ],
          "tags": []
        }
      ],
      "title": "Grid Voltage",
      "type": "gauge"
    },
    {
      "fieldConfig": {
        "defaults": {
          "color": {
            "mode": "thresholds"
          },
          "mappings": [],
          "thresholds": {
            "mode": "absolute",
            "steps": [
              {
                "color": "yellow",
                "value": null
              },
              {
                "color": "green",
                "value": 45
              },
              {
                "color": "red",
                "value": 55
              }
            ]
          }
        },
        "overrides": []
      },
      "gridPos": {
        "h": 5,
        "w": 3,
        "x": 21,
        "y": 6
      },
      "id": 15,
      "options": {
        "orientation": "auto",
        "reduceOptions": {
          "calcs": [
            "lastNotNull"
          ],
          "fields": "",
          "values": false
        },
        "showThresholdLabels": false,
        "showThresholdMarkers": true
      },
      "pluginVersion": "8.3.4",
      "targets": [
        {
          "datasource": {
            "type": "influxdb",
            "uid": "${DS_INFLUXDB}"
          },
          "groupBy": [
            {
              "params": [
                "$__interval"
              ],
              "type": "time"
            },
            {
              "params": [
                "previous"
              ],
              "type": "fill"
            }
          ],
          "measurement": "QMB2823261",
          "orderByTime": "ASC",
          "policy": "default",
          "refId": "A",
          "resultFormat": "time_series",
          "select": [
            [
              {
                "params": [
                  "pvfrequentie"
                ],
                "type": "field"
              },
              {
                "params": [],
                "type": "mean"
              },
              {
                "params": [
                  " / 100"
                ],
                "type": "math"
              }
            ]
          ],
          "tags": []
        }
      ],
      "title": "Grid Frequency",
      "type": "gauge"
    },
    {
      "description": "",
      "fieldConfig": {
        "defaults": {
          "color": {
            "mode": "palette-classic"
          },
          "custom": {
            "axisLabel": "",
            "axisPlacement": "auto",
            "barAlignment": 0,
            "drawStyle": "bars",
            "fillOpacity": 0,
            "gradientMode": "none",
            "hideFrom": {
              "legend": false,
              "tooltip": false,
              "viz": false
            },
            "lineInterpolation": "linear",
            "lineWidth": 1,
            "pointSize": 5,
            "scaleDistribution": {
              "type": "linear"
            },
            "showPoints": "auto",
            "spanNulls": false,
            "stacking": {
              "group": "A",
              "mode": "none"
            },
            "thresholdsStyle": {
              "mode": "line"
            }
          },
          "mappings": [],
          "thresholds": {
            "mode": "absolute",
            "steps": [
              {
                "color": "dark-red",
                "value": null
              },
              {
                "color": "#EAB839",
                "value": 4
              },
              {
                "color": "dark-green",
                "value": 8
              }
            ]
          },
          "unit": "kwatt"
        },
        "overrides": []
      },
      "gridPos": {
        "h": 9,
        "w": 12,
        "x": 0,
        "y": 11
      },
      "id": 6,
      "libraryPanel": {
        "description": "",
        "meta": {
          "connectedDashboards": 1,
          "created": "2022-03-27T13:54:24+02:00",
          "createdBy": {
            "avatarUrl": "/avatar/46d229b033af06a191ff2267bca9ae56",
            "id": 1,
            "name": "admin"
          },
          "folderName": "General",
          "folderUid": "",
          "updated": "2022-03-27T13:58:36+02:00",
          "updatedBy": {
            "avatarUrl": "/avatar/46d229b033af06a191ff2267bca9ae56",
            "id": 1,
            "name": "admin"
          }
        },
        "name": "Growatt Day",
        "type": "timeseries",
        "uid": "LGsrFNy7z",
        "version": 4
      },
      "options": {
        "legend": {
          "calcs": [],
          "displayMode": "list",
          "placement": "bottom"
        },
        "tooltip": {
          "mode": "single"
        }
      },
      "targets": [
        {
          "alias": "power ",
          "datasource": {
            "type": "influxdb",
            "uid": "${DS_INFLUXDB}"
          },
          "groupBy": [
            {
              "params": [
                "$__interval"
              ],
              "type": "time"
            },
            {
              "params": [
                "linear"
              ],
              "type": "fill"
            }
          ],
          "measurement": "QMB2823261",
          "orderByTime": "ASC",
          "policy": "default",
          "refId": "A",
          "resultFormat": "time_series",
          "select": [
            [
              {
                "params": [
                  "pvenergytoday"
                ],
                "type": "field"
              },
              {
                "params": [],
                "type": "mean"
              },
              {
                "params": [
                  " / 10"
                ],
                "type": "math"
              }
            ]
          ],
          "tags": []
        }
      ],
      "title": "Growatt Day",
      "transformations": [],
      "type": "timeseries"
    },
    {
      "description": "",
      "fieldConfig": {
        "defaults": {
          "color": {
            "mode": "thresholds"
          },
          "mappings": [],
          "max": 12,
          "min": 0,
          "thresholds": {
            "mode": "absolute",
            "steps": [
              {
                "color": "dark-red",
                "value": null
              },
              {
                "color": "semi-dark-yellow",
                "value": 4
              },
              {
                "color": "dark-green",
                "value": 8
              }
            ]
          },
          "unit": "kwatt"
        },
        "overrides": []
      },
      "gridPos": {
        "h": 9,
        "w": 3,
        "x": 12,
        "y": 11
      },
      "id": 8,
      "libraryPanel": {
        "description": "",
        "meta": {
          "connectedDashboards": 1,
          "created": "2022-03-27T13:54:40+02:00",
          "createdBy": {
            "avatarUrl": "/avatar/46d229b033af06a191ff2267bca9ae56",
            "id": 1,
            "name": "admin"
          },
          "folderName": "General",
          "folderUid": "",
          "updated": "2022-03-27T13:58:51+02:00",
          "updatedBy": {
            "avatarUrl": "/avatar/46d229b033af06a191ff2267bca9ae56",
            "id": 1,
            "name": "admin"
          }
        },
        "name": "Growatt Day Gauge",
        "type": "gauge",
        "uid": "lFVCFHs7z",
        "version": 2
      },
      "options": {
        "orientation": "auto",
        "reduceOptions": {
          "calcs": [
            "lastNotNull"
          ],
          "fields": "",
          "values": false
        },
        "showThresholdLabels": false,
        "showThresholdMarkers": true
      },
      "pluginVersion": "8.3.4",
      "targets": [
        {
          "datasource": {
            "type": "influxdb",
            "uid": "${DS_INFLUXDB}"
          },
          "groupBy": [],
          "measurement": "QMB2823261",
          "orderByTime": "ASC",
          "policy": "default",
          "query": "SELECT \"power_used\"   AS \"dag\" FROM \"electricity\" WHERE $timeFilter ",
          "rawQuery": false,
          "refId": "A",
          "resultFormat": "time_series",
          "select": [
            [
              {
                "params": [
                  "pvenergytoday"
                ],
                "type": "field"
              },
              {
                "params": [
                  " / 10"
                ],
                "type": "math"
              },
              {
                "params": [
                  "dag"
                ],
                "type": "alias"
              }
            ]
          ],
          "tags": []
        }
      ],
      "title": "Growatt Day",
      "type": "gauge"
    },
    {
      "description": "",
      "fieldConfig": {
        "defaults": {
          "color": {
            "mode": "thresholds"
          },
          "mappings": [],
          "max": 2000,
          "min": 0,
          "thresholds": {
            "mode": "absolute",
            "steps": [
              {
                "color": "dark-red",
                "value": null
              },
              {
                "color": "semi-dark-yellow",
                "value": 1000
              },
              {
                "color": "dark-green",
                "value": 1500
              }
            ]
          },
          "unit": "kwatt"
        },
        "overrides": []
      },
      "gridPos": {
        "h": 9,
        "w": 3,
        "x": 15,
        "y": 11
      },
      "id": 10,
      "libraryPanel": {
        "description": "",
        "meta": {
          "connectedDashboards": 1,
          "created": "2022-03-27T13:55:07+02:00",
          "createdBy": {
            "avatarUrl": "/avatar/46d229b033af06a191ff2267bca9ae56",
            "id": 1,
            "name": "admin"
          },
          "folderName": "General",
          "folderUid": "",
          "updated": "2022-03-27T14:06:44+02:00",
          "updatedBy": {
            "avatarUrl": "/avatar/46d229b033af06a191ff2267bca9ae56",
            "id": 1,
            "name": "admin"
          }
        },
        "name": "Growatt  Total Gauge",
        "type": "gauge",
        "uid": "oQR3FNs7z",
        "version": 4
      },
      "options": {
        "orientation": "auto",
        "reduceOptions": {
          "calcs": [
            "lastNotNull"
          ],
          "fields": "",
          "values": false
        },
        "showThresholdLabels": false,
        "showThresholdMarkers": true
      },
      "pluginVersion": "8.3.4",
      "targets": [
        {
          "datasource": {
            "type": "influxdb",
            "uid": "${DS_INFLUXDB}"
          },
          "groupBy": [],
          "hide": false,
          "measurement": "QMB2823261",
          "orderByTime": "ASC",
          "policy": "default",
          "query": "SELECT \"pvenergytotal\" / 10 FROM \"QMB2823261\" WHERE $timeFilter",
          "rawQuery": false,
          "refId": "A",
          "resultFormat": "time_series",
          "select": [
            [
              {
                "params": [
                  "pvenergytotal"
                ],
                "type": "field"
              }
            ]
          ],
          "tags": []
        }
      ],
      "title": "Growatt Total",
      "transformations": [],
      "type": "gauge"
    }
  ],
  "refresh": false,
  "schemaVersion": 34,
  "style": "dark",
  "tags": [],
  "templating": {
    "list": []
  },
  "time": {
    "from": "now-12h",
    "to": "now"
  },
  "timepicker": {},
  "timezone": "",
  "title": "Grott Growatt Monitor",
  "uid": "9RpEKHsnk",
  "version": 6,
  "weekStart": ""
}