{"T020104": {
    "decrypt"           : {"value" :"False"},
    "pvserial"          : {"value" :36, "length" : 10, "type" : "text", "divide" : 10},
    "date"              : {"value" :56, "divide" : 10}, 
    "pvstatus"          : {"value" :78, "length" : 2, "type" : "num"},  
    "pvpowerin"         : {"value" :82, "length" : 4, "type" : "num", "divide" : 10},        
    "pv1voltage"        : {"value" :90, "length" : 2, "type" : "num", "divide" : 10},        
    "pv1current"        : {"value" :94, "length" : 2, "type" : "num", "divide" : 10},                        
    "pv1watt"           : {"value" :98, "length" : 4, "type" : "num", "divide" : 10},                      
    "pv2voltage"        : {"value" :106, "length" : 2, "type" : "num", "divide" : 10},                
    "pv2current"        : {"value" :110, "length" : 2, "type" : "num", "divide" : 10},                
    "pv2watt"           : {"value" :114, "length" : 4, "type" : "num", "divide" : 10},                
    "pvpowerout"        : {"value" :122, "length" : 4, "type" : "num", "divide" : 10},                
    "pvfrequentie"      : {"value" :130, "length" : 2, "type" : "num", "divide" : 100},                
    "pvgridvoltage"     : {"value" :134, "length" : 2, "type" : "num", "divide" : 10},                
    "pvgridcurrent"     : {"value" :138, "length" : 2, "type" : "num", "divide" : 10},                
    "pvgridpower"       : {"value" :142, "length" : 4, "type" : "num", "divide" : 10},                
    "pvgridvoltage2"    : {"value" :150, "length" : 2, "type" : "num", "divide" : 10},                
    "pvgridcurrent2"    : {"value" :154, "length" : 2, "type" : "num", "divide" : 10},                
    "pvgridpower2"      : {"value" :158, "length" : 4, "type" : "num", "divide" : 10},                
    "pvgridvoltage3"    : {"value" :166, "length" : 2, "type" : "num", "divide" : 10},                
    "pvgridcurrent3"    : {"value" :170, "length" : 2, "type" : "num", "divide" : 10},                
    "pvgridpower3"      : {"value" :174, "length" : 4, "type" : "num", "divide" : 10},                
    "pvenergytoday"     : {"value" :182, "length" : 4, "type" : "num", "divide" : 10},                  
    "pvenergytotal"     : {"value" :190, "length" : 4, "type" : "num", "divide" : 10},
    "totworktime"       : {"value" :198, "length" : 4, "type" : "num", "divide" : 7200},         
    "pvtemperature"     : {"value" :206, "length" : 2, "type" : "num", "divide" : 10},                 
    "isof"              : {"value" :210, "length" : 2, "type" : "num", "divide" : 1},                
    "gfcif"             : {"value" :214, "length" : 2, "type" : "num", "divide" : 1},                
    "dcif"              : {"value" :218, "length" : 2, "type" : "num", "divide" : 1},                
    "vpvfault"          : {"value" :222, "length" : 2, "type" : "num", "divide" : 1},                
    "vacfault"          : {"value" :226, "length" : 2, "type" : "num", "divide" : 1},                
    "facfault"          : {"value" :230, "length" : 2, "type" : "num", "divide" : 1},                
    "tmpfault"          : {"value" :234, "length" : 2, "type" : "num", "divide" : 1},                
    "faultcode"         : {"value" :238, "length" : 2, "type" : "num", "divide" : 1},                
    "pvipmtemperature"  : {"value" :242, "length" : 2, "type" : "num", "divide" : 10},          
    "pbusvolt"          : {"value" :246, "length" : 2, "type" : "num", "divide" : 1},                  
    "nbusvolt"          : {"value" :250, "length" : 2, "type" : "num", "divide" : 1},                
    "epv1today"         : {"value" :278, "length" : 4, "type" : "num", "divide" : 10},                
    "epv1total"         : {"value" :286, "length" : 4, "type" : "num", "divide" : 10},                
    "epv2today"         : {"value" :294, "length" : 4, "type" : "num", "divide" : 10},                
    "epv2total"         : {"value" :302, "length" : 4, "type" : "num", "divide" : 10},                
    "epvtotal"          : {"value" :310, "length" : 4, "type" : "num", "divide" : 10},                
    "rac"               : {"value" :318, "length" : 4, "type" : "num", "divide" : 1},                
    "eractoday"         : {"value" :326, "length" : 4, "type" : "num", "divide" : 1},                
    "eractotal"         : {"value" :334, "length" : 4, "type" : "num", "divide" : 1}                
     } }