{"T050104SPF": {
    "decrypt"           : {"value" :"True"},
            "datalogserial"     : {"value" :16, "length" : 10, "type" : "text", "divide" : 10},
            "pvserial"          : {"value" :36, "length" : 10, "type" : "text", "divide" : 10},
            "date"              : {"value" :56, "divide" : 10}, 
            "recortype"         : {"value" :74, "length" : 2, "type" : "num","incl" : "no"}, 
            "pvstatus"          : {"value" :78, "length" : 2, "type" : "num"},  
            "vpv1"              : {"value" :82, "length" : 2, "type" : "num", "divide" : 10},        
            "vpv2"              : {"value" :86, "length" : 2, "type" : "num", "divide" : 10},        
            "ppv1"              : {"value" :90, "length" : 4, "type" : "num", "divide" : 10},                        
            "ppv2"              : {"value" :98, "length" : 4, "type" : "num", "divide" : 10},                      
            "buck1curr"         : {"value" :106, "length" : 2, "type" : "num", "divide" : 10},                
            "buck2curr"         : {"value" :110, "length" : 2, "type" : "num", "divide" : 10},                
            "op_watt"           : {"value" :114, "length" : 4, "type" : "num", "divide" : 10},                
            "op_va"             : {"value" :122, "length" : 4, "type" : "num", "divide" : 10},                
            "acchr_watt"        : {"value" :130, "length" : 4, "type" : "num", "divide" : 10},                
            "acchr_VA"          : {"value" :138, "length" : 4, "type" : "num", "divide" : 10},                
            "bat_Volt"          : {"value" :146, "length" : 2, "type" : "num", "divide" : 100},                
            "batterySoc"        : {"value" :150, "length" : 2, "type" : "num", "divide" : 1},                
            "bus_volt"          : {"value" :154, "length" : 2, "type" : "num", "divide" : 10},                
            "grid_volt"         : {"value" :158, "length" : 2, "type" : "num", "divide" : 10},                
            "line_freq"         : {"value" :162, "length" : 2, "type" : "num", "divide" : 100},                
            "outputvolt"        : {"value" :166, "length" : 2, "type" : "num", "divide" : 10},                
            "outputfreq"        : {"value" :170, "length" : 2, "type" : "num", "divide" : 100},                
            "invtemp"           : {"value" :178, "length" : 2, "type" : "num", "divide" : 10},                  
            "dcdctemp"          : {"value" :182, "length" : 2, "type" : "num", "divide" : 10},
            "loadpercent"       : {"value" :186, "length" : 2, "type" : "num", "divide" : 10},                
            "buck1_ntc"         : {"value" :206, "length" : 2, "type" : "num", "divide" : 10},                
            "buck2_ntc"         : {"value" :210, "length" : 2, "type" : "num", "divide" : 10},                
            "OP_Curr"           : {"value" :214, "length" : 2, "type" : "num", "divide" : 10},                
            "Inv_Curr"          : {"value" :218, "length" : 2, "type" : "num", "divide" : 10},               
            "AC_InWatt"         : {"value" :222, "length" : 4, "type" : "num", "divide" : 10},                
            "AC_InVA"           : {"value" :230, "length" : 4, "type" : "num", "divide" : 10},                
            "faultBit"          : {"value" :238, "length" : 2, "type" : "num", "divide" : 1},                
            "warningBit"        : {"value" :242, "length" : 2, "type" : "num", "divide" : 1},                
            "faultValue"        : {"value" :246, "length" : 2, "type" : "num", "divide" : 1},                
            "warningValue"      : {"value" :250, "length" : 2, "type" : "num", "divide" : 1},                
            "constantPowerOK"   : {"value" :266, "length" : 2, "type" : "num", "divide" : 1},                
            "epv1tod"           : {"value" :270, "length" : 4, "type" : "num", "divide" : 10},                
            "epv1tot"           : {"value" :278, "length" : 4, "type" : "num", "divide" : 10}, 
            "epv2tod"           : {"value" :286, "length" : 4, "type" : "num", "divide" : 10},                
            "epv2tot"           : {"value" :294, "length" : 4, "type" : "num", "divide" : 10},  
            "eacCharToday"      : {"value" :310, "length" : 4, "type" : "num", "divide" : 10},    
            "eacCharTotal"      : {"value" :318, "length" : 4, "type" : "num", "divide" : 10},  
            "ebatDischarToday"  : {"value" :326, "length" : 4, "type" : "num", "divide" : 10},  
            "ebatDischarTotal"  : {"value" :334, "length" : 4, "type" : "num", "divide" : 10},  
            "eacDischarToday"   : {"value" :342, "length" : 4, "type" : "num", "divide" : 10},  
            "eacDischarTotal"   : {"value" :350, "length" : 4, "type" : "num", "divide" : 10},  
            "ACCharCurr"        : {"value" :358, "length" : 2, "type" : "num", "divide" : 10},  
            "ACDischarWatt"     : {"value" :362, "length" : 4, "type" : "num", "divide" : 10},  
            "ACDischarVA"       : {"value" :370, "length" : 4, "type" : "num", "divide" : 10},  
            "BatDischarWatt"    : {"value" :378, "length" : 4, "type" : "num", "divide" : 10},  
            "BatDischarVA"      : {"value" :386, "length" : 4, "type" : "num", "divide" : 10},  
            "BatWatt"           : {"value" :394, "length" : 4, "type" : "numx", "divide" : 10}                                                 
     },
"T050150SPF": {
    "decrypt"           : {"value" :"True"},
            "datalogserial"     : {"value" :16, "length" : 10, "type" : "text", "divide" : 10},
            "pvserial"          : {"value" :36, "length" : 10, "type" : "text", "divide" : 10},
            "date"              : {"value" :56, "divide" : 10}, 
            "recortype"         : {"value" :74, "length" : 2, "type" : "num","incl" : "no"}, 
            "pvstatus"          : {"value" :78, "length" : 2, "type" : "num"},  
            "vpv1"              : {"value" :82, "length" : 2, "type" : "num", "divide" : 10},        
            "vpv2"              : {"value" :86, "length" : 2, "type" : "num", "divide" : 10},        
            "ppv1"              : {"value" :90, "length" : 4, "type" : "num", "divide" : 10},                        
            "ppv2"              : {"value" :98, "length" : 4, "type" : "num", "divide" : 10},                      
            "buck1curr"         : {"value" :106, "length" : 2, "type" : "num", "divide" : 10},                
            "buck2curr"         : {"value" :110, "length" : 2, "type" : "num", "divide" : 10},                
            "op_watt"           : {"value" :114, "length" : 4, "type" : "num", "divide" : 10},                
            "op_va"             : {"value" :122, "length" : 4, "type" : "num", "divide" : 10},                
            "acchr_watt"        : {"value" :130, "length" : 4, "type" : "num", "divide" : 10},                
            "acchr_VA"          : {"value" :138, "length" : 4, "type" : "num", "divide" : 10},                
            "bat_Volt"          : {"value" :146, "length" : 2, "type" : "num", "divide" : 100},                
            "batterySoc"        : {"value" :150, "length" : 2, "type" : "num", "divide" : 1},                
            "bus_volt"          : {"value" :154, "length" : 2, "type" : "num", "divide" : 10},                
            "grid_volt"         : {"value" :158, "length" : 2, "type" : "num", "divide" : 10},                
            "line_freq"         : {"value" :162, "length" : 2, "type" : "num", "divide" : 100},                
            "outputvolt"        : {"value" :166, "length" : 2, "type" : "num", "divide" : 10},                
            "outputfreq"        : {"value" :170, "length" : 2, "type" : "num", "divide" : 100},                
            "invtemp"           : {"value" :178, "length" : 2, "type" : "num", "divide" : 10},                  
            "dcdctemp"          : {"value" :182, "length" : 2, "type" : "num", "divide" : 10},
            "loadpercent"       : {"value" :186, "length" : 2, "type" : "num", "divide" : 10},                
            "buck1_ntc"         : {"value" :206, "length" : 2, "type" : "num", "divide" : 10},                
            "buck2_ntc"         : {"value" :210, "length" : 2, "type" : "num", "divide" : 10},                
            "OP_Curr"           : {"value" :214, "length" : 2, "type" : "num", "divide" : 10},                
            "Inv_Curr"          : {"value" :218, "length" : 2, "type" : "num", "divide" : 10},               
            "AC_InWatt"         : {"value" :222, "length" : 4, "type" : "num", "divide" : 10},                
            "AC_InVA"           : {"value" :230, "length" : 4, "type" : "num", "divide" : 10},                
            "faultBit"          : {"value" :238, "length" : 2, "type" : "num", "divide" : 1},                
            "warningBit"        : {"value" :242, "length" : 2, "type" : "num", "divide" : 1},                
            "faultValue"        : {"value" :246, "length" : 2, "type" : "num", "divide" : 1},                
            "warningValue"      : {"value" :250, "length" : 2, "type" : "num", "divide" : 1},                
            "constantPowerOK"   : {"value" :266, "length" : 2, "type" : "num", "divide" : 1},                
            "epv1tod"           : {"value" :270, "length" : 4, "type" : "num", "divide" : 10},                
            "epv1tot"           : {"value" :278, "length" : 4, "type" : "num", "divide" : 10}, 
            "epv2tod"           : {"value" :286, "length" : 4, "type" : "num", "divide" : 10},                
            "epv2tot"           : {"value" :294, "length" : 4, "type" : "num", "divide" : 10},  
            "eacCharToday"      : {"value" :310, "length" : 4, "type" : "num", "divide" : 10},    
            "eacCharTotal"      : {"value" :318, "length" : 4, "type" : "num", "divide" : 10},  
            "ebatDischarToday"  : {"value" :326, "length" : 4, "type" : "num", "divide" : 10},  
            "ebatDischarTotal"  : {"value" :334, "length" : 4, "type" : "num", "divide" : 10},  
            "eacDischarToday"   : {"value" :342, "length" : 4, "type" : "num", "divide" : 10},  
            "eacDischarTotal"   : {"value" :350, "length" : 4, "type" : "num", "divide" : 10},  
            "ACCharCurr"        : {"value" :358, "length" : 2, "type" : "num", "divide" : 10},  
            "ACDischarWatt"     : {"value" :362, "length" : 4, "type" : "num", "divide" : 10},  
            "ACDischarVA"       : {"value" :370, "length" : 4, "type" : "num", "divide" : 10},  
            "BatDischarWatt"    : {"value" :378, "length" : 4, "type" : "num", "divide" : 10},  
            "BatDischarVA"      : {"value" :386, "length" : 4, "type" : "num", "divide" : 10},  
            "BatWatt"           : {"value" :394, "length" : 4, "type" : "numx", "divide" : 10}                                                 
        } }