{"T060104": {
    "decrypt"           : {"value" :"True"},
            "datalogserial"     : {"value" :16, "length" : 10, "type" : "text", "divide" : 10},
            "pvserial"          : {"value" :76, "length" : 10, "type" : "text", "divide" : 10},
            "date"              : {"value" :136, "divide" : 10}, 
            "pvstatus"          : {"value" :158, "length" : 2, "type" : "num"},  
            "vpv1"              : {"value" :162, "length" : 2, "type" : "num", "divide" : 10},        
            "vpv2"              : {"value" :166, "length" : 2, "type" : "num", "divide" : 10},        
            "ppv1"              : {"value" :170, "length" : 4, "type" : "num", "divide" : 10},                        
            "ppv2"              : {"value" :178, "length" : 4, "type" : "num", "divide" : 10},                      
            "buck1curr"         : {"value" :186, "length" : 2, "type" : "num", "divide" : 10},                
            "buck2curr"         : {"value" :190, "length" : 2, "type" : "num", "divide" : 10},                
            "op_watt"           : {"value" :194, "length" : 4, "type" : "num", "divide" : 10},                
            "op_va"             : {"value" :204, "length" : 4, "type" : "num", "divide" : 10},                
            "acchr_watt"        : {"value" :210, "length" : 4, "type" : "num", "divide" : 10},                
            "acchr_VA"          : {"value" :218, "length" : 4, "type" : "num", "divide" : 10},                
            "bat_Volt"          : {"value" :226, "length" : 2, "type" : "num", "divide" : 100},                
            "batterySoc"        : {"value" :230, "length" : 2, "type" : "num", "divide" : 1},                
            "bus_volt"          : {"value" :234, "length" : 2, "type" : "num", "divide" : 10},                
            "grid_volt"         : {"value" :238, "length" : 2, "type" : "num", "divide" : 10},                
            "line_freq"         : {"value" :242, "length" : 2, "type" : "num", "divide" : 100},                
            "outputvolt"        : {"value" :246, "length" : 2, "type" : "num", "divide" : 10},                
            "outputfreq"        : {"value" :250, "length" : 2, "type" : "num", "divide" : 100},                
            "invtemp"           : {"value" :258, "length" : 2, "type" : "num", "divide" : 10},                  
            "dcdctemp"          : {"value" :262, "length" : 2, "type" : "num", "divide" : 10},
            "loadpercent"       : {"value" :266, "length" : 2, "type" : "num", "divide" : 10},                
            "buck1_ntc"         : {"value" :286, "length" : 2, "type" : "num", "divide" : 10},                
            "buck2_ntc"         : {"value" :290, "length" : 2, "type" : "num", "divide" : 10},                
            "OP_Curr"           : {"value" :294, "length" : 2, "type" : "num", "divide" : 10},                
            "Inv_Curr"          : {"value" :298, "length" : 2, "type" : "num", "divide" : 10},               
            "AC_InWatt"         : {"value" :302, "length" : 4, "type" : "num", "divide" : 10},                
            "AC_InVA"           : {"value" :310, "length" : 4, "type" : "num", "divide" : 10},                
            "faultBit"          : {"value" :318, "length" : 2, "type" : "num", "divide" : 1},                
            "warningBit"        : {"value" :322, "length" : 2, "type" : "num", "divide" : 1},                
            "faultValue"        : {"value" :326, "length" : 2, "type" : "num", "divide" : 1},                
            "warningValue"      : {"value" :330, "length" : 2, "type" : "num", "divide" : 1},                
            "constantPowerOK"   : {"value" :346, "length" : 2, "type" : "num", "divide" : 1},                
            "epvtoday"          : {"value" :358, "length" : 4, "type" : "num", "divide" : 10}, 
            "epvtotal"          : {"value" :366, "length" : 4, "type" : "num", "divide" : 10},                
            "eacCharToday"      : {"value" :390, "length" : 4, "type" : "num", "divide" : 10},    
            "eacCharTotal"      : {"value" :398, "length" : 4, "type" : "num", "divide" : 10},  
            "ebatDischarToday"  : {"value" :406, "length" : 4, "type" : "num", "divide" : 10},  
            "ebatDischarTotal"  : {"value" :414, "length" : 4, "type" : "num", "divide" : 10},  
            "eacDischarToday"   : {"value" :422, "length" : 4, "type" : "num", "divide" : 10},  
            "eacDischarTotal"   : {"value" :430, "length" : 4, "type" : "num", "divide" : 10},  
            "ACCharCurr"        : {"value" :438, "length" : 2, "type" : "num", "divide" : 10},  
            "ACDischarWatt"     : {"value" :442, "length" : 4, "type" : "num", "divide" : 10},  
            "ACDischarVA"       : {"value" :450, "length" : 4, "type" : "num", "divide" : 10},  
            "BatDischarWatt"    : {"value" :458, "length" : 4, "type" : "num", "divide" : 10},  
            "BatDischarVA"      : {"value" :466, "length" : 4, "type" : "num", "divide" : 10},  
            "BatWatt"           : {"value" :474, "length" : 4, "type" : "numx", "divide" : 10}                                                 
     },
 "T060150": {
            "decrypt"           : {"value" :"True"},
            "datalogserial"     : {"value" :16, "length" : 10, "type" : "text", "divide" : 10},
            "pvserial"          : {"value" :76, "length" : 10, "type" : "text", "divide" : 10},
            "date"              : {"value" :136, "divide" : 10}, 
            "pvstatus"          : {"value" :158, "length" : 2, "type" : "num"},  
            "vpv1"              : {"value" :162, "length" : 2, "type" : "num", "divide" : 10},        
            "vpv2"              : {"value" :166, "length" : 2, "type" : "num", "divide" : 10},        
            "ppv1"              : {"value" :170, "length" : 4, "type" : "num", "divide" : 10},                        
            "ppv2"              : {"value" :178, "length" : 4, "type" : "num", "divide" : 10},                      
            "buck1curr"         : {"value" :186, "length" : 2, "type" : "num", "divide" : 10},                
            "buck2curr"         : {"value" :190, "length" : 2, "type" : "num", "divide" : 10},                
            "op_watt"           : {"value" :194, "length" : 4, "type" : "num", "divide" : 10},                
            "op_va"             : {"value" :204, "length" : 4, "type" : "num", "divide" : 10},                
            "acchr_watt"        : {"value" :210, "length" : 4, "type" : "num", "divide" : 10},                
            "acchr_VA"          : {"value" :218, "length" : 4, "type" : "num", "divide" : 10},                
            "bat_Volt"          : {"value" :226, "length" : 2, "type" : "num", "divide" : 100},                
            "batterySoc"        : {"value" :230, "length" : 2, "type" : "num", "divide" : 1},                
            "bus_volt"          : {"value" :234, "length" : 2, "type" : "num", "divide" : 10},                
            "grid_volt"         : {"value" :238, "length" : 2, "type" : "num", "divide" : 10},                
            "line_freq"         : {"value" :242, "length" : 2, "type" : "num", "divide" : 100},                
            "outputvolt"        : {"value" :246, "length" : 2, "type" : "num", "divide" : 10},                
            "outputfreq"        : {"value" :250, "length" : 2, "type" : "num", "divide" : 100},                
            "invtemp"           : {"value" :258, "length" : 2, "type" : "num", "divide" : 10},                  
            "dcdctemp"          : {"value" :262, "length" : 2, "type" : "num", "divide" : 10},
            "loadpercent"       : {"value" :266, "length" : 2, "type" : "num", "divide" : 10},                
            "buck1_ntc"         : {"value" :286, "length" : 2, "type" : "num", "divide" : 10},                
            "buck2_ntc"         : {"value" :290, "length" : 2, "type" : "num", "divide" : 10},                
            "OP_Curr"           : {"value" :294, "length" : 2, "type" : "num", "divide" : 10},                
            "Inv_Curr"          : {"value" :298, "length" : 2, "type" : "num", "divide" : 10},               
            "AC_InWatt"         : {"value" :302, "length" : 4, "type" : "num", "divide" : 10},                
            "AC_InVA"           : {"value" :310, "length" : 4, "type" : "num", "divide" : 10},                
            "faultBit"          : {"value" :318, "length" : 2, "type" : "num", "divide" : 1},                
            "warningBit"        : {"value" :322, "length" : 2, "type" : "num", "divide" : 1},                
            "faultValue"        : {"value" :326, "length" : 2, "type" : "num", "divide" : 1},                
            "warningValue"      : {"value" :330, "length" : 2, "type" : "num", "divide" : 1},                
            "constantPowerOK"   : {"value" :346, "length" : 2, "type" : "num", "divide" : 1},
            "epvtoday"          : {"value" :358, "length" : 4, "type" : "num", "divide" : 10}, 
            "epvtotal"          : {"value" :366, "length" : 4, "type" : "num", "divide" : 10},               
            "eacCharToday"      : {"value" :390, "length" : 4, "type" : "num", "divide" : 10},    
            "eacCharTotal"      : {"value" :398, "length" : 4, "type" : "num", "divide" : 10},  
            "ebatDischarToday"  : {"value" :406, "length" : 4, "type" : "num", "divide" : 10},  
            "ebatDischarTotal"  : {"value" :414, "length" : 4, "type" : "num", "divide" : 10},  
            "eacDischarToday"   : {"value" :422, "length" : 4, "type" : "num", "divide" : 10},  
            "eacDischarTotal"   : {"value" :430, "length" : 4, "type" : "num", "divide" : 10},  
            "ACCharCurr"        : {"value" :438, "length" : 2, "type" : "num", "divide" : 10},  
            "ACDischarWatt"     : {"value" :442, "length" : 4, "type" : "num", "divide" : 10},  
            "ACDischarVA"       : {"value" :450, "length" : 4, "type" : "num", "divide" : 10},  
            "BatDischarWatt"    : {"value" :458, "length" : 4, "type" : "num", "divide" : 10},  
            "BatDischarVA"      : {"value" :466, "length" : 4, "type" : "num", "divide" : 10},  
            "BatWatt"           : {"value" :474, "length" : 4, "type" : "numx", "divide" : 10}                                                 
} }