{"T060104": {
    "decrypt"           : {"value" :"True"},
    "pvserial"          : {"value" :76, "length" : 10, "type" : "text", "divide" : 10},
    "date"              : {"value" :136, "divide" : 10}, 
    "pvstatus"          : {"value" :158, "length" : 2, "type" : "num"},  
    "pvpowerin"         : {"value" :162, "length" : 4, "type" : "num", "divide" : 10},        
    "pv1voltage"        : {"value" :170, "length" : 2, "type" : "num", "divide" : 10},        
    "pv1current"        : {"value" :174, "length" : 2, "type" : "num", "divide" : 10},                        
    "pv1watt"           : {"value" :178, "length" : 4, "type" : "num", "divide" : 10},                      
    "pv2voltage"        : {"value" :186, "length" : 2, "type" : "num", "divide" : 10},                
    "pv2current"        : {"value" :190, "length" : 2, "type" : "num", "divide" : 10},                
    "pv2watt"           : {"value" :194, "length" : 4, "type" : "num", "divide" : 10},                
    "pvpowerout"        : {"value" :202, "length" : 4, "type" : "num", "divide" : 10},                
    "pvfrequentie"      : {"value" :210, "length" : 2, "type" : "num", "divide" : 100},                
    "pvgridvoltage"     : {"value" :214, "length" : 2, "type" : "num", "divide" : 10},                
    "pvgridcurrent"     : {"value" :218, "length" : 2, "type" : "num", "divide" : 10},                
    "pvgridpower"       : {"value" :222, "length" : 4, "type" : "num", "divide" : 10},                
    "pvgridvoltage2"    : {"value" :230, "length" : 2, "type" : "num", "divide" : 10},                
    "pvgridcurrent2"    : {"value" :234, "length" : 2, "type" : "num", "divide" : 10},                
    "pvgridpower2"      : {"value" :238, "length" : 4, "type" : "num", "divide" : 10},                
    "pvgridvoltage3"    : {"value" :246, "length" : 2, "type" : "num", "divide" : 10},                
    "pvgridcurrent3"    : {"value" :250, "length" : 2, "type" : "num", "divide" : 10},                
    "pvgridpower3"      : {"value" :254, "length" : 4, "type" : "num", "divide" : 10},                
    "pvenergytoday"     : {"value" :262, "length" : 4, "type" : "num", "divide" : 10},                  
    "pvenergytotal"     : {"value" :270, "length" : 4, "type" : "num", "divide" : 10},
    "totworktime"       : {"value" :278, "length" : 4, "type" : "num", "divide" : 7200},         
    "pvtemperature"     : {"value" :286, "length" : 2, "type" : "num", "divide" : 10},                 
    "isof"              : {"value" :290, "length" : 2, "type" : "num", "divide" : 1},                
    "gfcif"             : {"value" :294, "length" : 2, "type" : "num", "divide" : 1},                
    "dcif"              : {"value" :298, "length" : 2, "type" : "num", "divide" : 1},                
    "vpvfault"          : {"value" :302, "length" : 2, "type" : "num", "divide" : 1},                
    "vacfault"          : {"value" :306, "length" : 2, "type" : "num", "divide" : 1},                
    "facfault"          : {"value" :310, "length" : 2, "type" : "num", "divide" : 1},                
    "tmpfault"          : {"value" :314, "length" : 2, "type" : "num", "divide" : 1},                
    "faultcode"         : {"value" :318, "length" : 2, "type" : "num", "divide" : 1},                
    "pvipmtemperature"  : {"value" :322, "length" : 2, "type" : "num", "divide" : 10},          
    "pbusvolt"          : {"value" :326, "length" : 2, "type" : "num", "divide" : 1},                  
    "nbusvolt"          : {"value" :330, "length" : 2, "type" : "num", "divide" : 1},                
    "epv1today"         : {"value" :358, "length" : 4, "type" : "num", "divide" : 10},                
    "epv1total"         : {"value" :366, "length" : 4, "type" : "num", "divide" : 10},                
    "epv2today"         : {"value" :374, "length" : 4, "type" : "num", "divide" : 10},                
    "epv2total"         : {"value" :382, "length" : 4, "type" : "num", "divide" : 10},                
    "epvtotal"          : {"value" :390, "length" : 4, "type" : "num", "divide" : 10},                
    "rac"               : {"value" :398, "length" : 4, "type" : "num", "divide" : 1},                
    "eractoday"         : {"value" :406, "length" : 4, "type" : "num", "divide" : 1},                
    "eractotal"         : {"value" :414, "length" : 4, "type" : "num", "divide" : 1}               
     } }