{"T060104XSPH": {
    "decrypt"           : {"value" :"True"},
    "pvserial"          : {"value" :76, "length" : 10, "type" : "text", "divide" : 10},
    "date"              : {"value" :136, "divide" : 10}, 
    "recortype"         : {"value" :154, "length" : 2, "type" : "num","incl" : "no"}, 
    "pvstatus"          : {"value" :158, "length" : 2, "type" : "num"},  
    "pvpowerin"         : {"value" :162, "length" : 4, "type" : "num", "divide" : 10},        
    "pv1voltage"        : {"value" :170, "length" : 2, "type" : "num", "divide" : 10},        
    "pv1current"        : {"value" :174, "length" : 2, "type" : "num", "divide" : 10},                        
    "pv1watt"           : {"value" :178, "length" : 4, "type" : "num", "divide" : 10},                      
    "pv2voltage"        : {"value" :186, "length" : 2, "type" : "num", "divide" : 10},                
    "pv2current"        : {"value" :190, "length" : 2, "type" : "num", "divide" : 10},                
    "pv2watt"           : {"value" :194, "length" : 4, "type" : "num", "divide" : 10},                
    "pvpowerout"        : {"value" :298, "length" : 4, "type" : "numx", "divide" : 10},                
    "pvfrequentie"      : {"value" :306, "length" : 2, "type" : "num", "divide" : 100},                
    "pvgridvoltage"     : {"value" :310, "length" : 2, "type" : "num", "divide" : 10},                
    "pvgridcurrent"     : {"value" :314, "length" : 2, "type" : "num", "divide" : 10},                
    "pvgridpower"       : {"value" :318, "length" : 4, "type" : "num", "divide" : 10},                
    "pvgridvoltage2"    : {"value" :326, "length" : 2, "type" : "num", "divide" : 10},                
    "pvgridcurrent2"    : {"value" :330, "length" : 2, "type" : "num", "divide" : 10},                
    "pvgridpower2"      : {"value" :334, "length" : 4, "type" : "num", "divide" : 10},                
    "pvgridvoltage3"    : {"value" :342, "length" : 2, "type" : "num", "divide" : 10},                
    "pvgridcurrent3"    : {"value" :346, "length" : 2, "type" : "num", "divide" : 10},                
    "pvgridpower3"      : {"value" :350, "length" : 4, "type" : "num", "divide" : 10},  
    "totworktime"       : {"value" :386, "length" : 4, "type" : "num", "divide" : 7200},
    "eactoday"          : {"value" :370, "length" : 4, "type" : "num", "divide" : 10},                  
    "eactotal"          : {"value" :378, "length" : 4, "type" : "num", "divide" : 10},
    "epvtotal"          : {"value" :522, "length" : 4, "type" : "num", "divide" : 10},
    "epv1today"         : {"value" :394, "length" : 4, "type" : "num", "divide" : 10},                
    "epv1total"         : {"value" :402, "length" : 4, "type" : "num", "divide" : 10},                
    "epv2today"         : {"value" :410, "length" : 4, "type" : "num", "divide" : 10},                
    "epv2total"         : {"value" :418, "length" : 4, "type" : "num", "divide" : 10},                           
    "pvtemperature"     : {"value" :530, "length" : 2, "type" : "num", "divide" : 10},                 
    "pvipmtemperature"  : {"value" :534, "length" : 2, "type" : "num", "divide" : 10}, 
    "pvboosttemp"       : {"value" :538, "length" : 2, "type" : "num", "divide" : 10},                   
    "bat_dsp"           : {"value" :546, "length" : 2, "type" : "num", "divide" : 10},
    "pbusvolt"          : {"value" :550, "length" : 2, "type" : "num", "divide" : 10},                  
    "#nbusvolt"          : {"value" :554, "length" : 2, "type" : "num", "divide" : 10},  
    "#ipf"               : {"value" :558, "length" : 2, "type" : "num", "divide" : 10},
    "#realoppercent"     : {"value" :562, "length" : 2, "type" : "num", "divide" : 100}, 
    "#opfullwatt"        : {"value" :566, "length" : 4, "type" : "num", "divide" : 10},
    "#deratingmode"      : {"value" :574, "length" : 2, "type" : "num", "divide" : 1},
    "eacharge_today"     : {"value" :606, "length" : 4, "type" : "num", "divide" : 10}, 
    "eacharge_total"     : {"value" :614, "length" : 4, "type" : "num", "divide" : 10}, 
    "batterytype"        : {"value" :634, "length" : 2, "type" : "num", "divide" : 1}, 
    "uwsysworkmode"      : {"value" :666, "length" : 2, "type" : "num", "divide" : 1},
    "systemfaultword0"   : {"value" :670, "length" : 2, "type" : "num", "divide" : 1},
    "systemfaultword1"   : {"value" :674, "length" : 2, "type" : "num", "divide" : 1},
    "systemfaultword2"   : {"value" :678, "length" : 2, "type" : "num", "divide" : 1},
    "systemfaultword3"   : {"value" :682, "length" : 2, "type" : "num", "divide" : 1},
    "systemfaultword4"   : {"value" :686, "length" : 2, "type" : "num", "divide" : 1},
    "systemfaultword5"   : {"value" :690, "length" : 2, "type" : "num", "divide" : 1},
    "systemfaultword6"   : {"value" :694, "length" : 2, "type" : "num", "divide" : 1},
    "systemfaultword7"   : {"value" :698, "length" : 2, "type" : "num", "divide" : 1},
    "pdischarge1"        : {"value" :702, "length" : 4, "type" : "num", "divide" : 10}, 
    "p1charge1"          : {"value" :710, "length" : 4, "type" : "num", "divide" : 10}, 
    "vbat"               : {"value" :718, "length" : 2, "type" : "num", "divide" : 10}, 
    "SOC"                : {"value" :722, "length" : 2, "type" : "num", "divide" : 100}, 
    "pactouserr"         : {"value" :726, "length" : 4, "type" : "num", "divide" : 10}, 
    "#pactousers"        : {"value" :734, "length" : 4, "type" : "num", "divide" : 10}, 
    "#pactousert"        : {"value" :742, "length" : 4, "type" : "num", "divide" : 10}, 
    "pactousertot"       : {"value" :750, "length" : 4, "type" : "num", "divide" : 10},
    "pactogridr"         : {"value" :758, "length" : 4, "type" : "num", "divide" : 10}, 
    "#pactogrids"        : {"value" :766, "length" : 4, "type" : "num", "divide" : 10}, 
    "#pactogridt"        : {"value" :774, "length" : 4, "type" : "num", "divide" : 10}, 
    "pactogridtot"       : {"value" :782, "length" : 4, "type" : "num", "divide" : 10}, 
    "plocaloadr"         : {"value" :790, "length" : 4, "type" : "num", "divide" : 10}, 
    "#plocaloads"        : {"value" :798, "length" : 4, "type" : "num", "divide" : 10}, 
    "#plocaloadt"        : {"value" :806, "length" : 4, "type" : "num", "divide" : 10}, 
    "plocaloadtot"       : {"value" :814, "length" : 4, "type" : "num", "divide" : 10},   
    "#ipm"               : {"value" :822, "length" : 2, "type" : "num", "divide" : 10},   
    "#battemp"           : {"value" :826, "length" : 2, "type" : "num", "divide" : 10},   
    "spdspstatus"        : {"value" :830, "length" : 2, "type" : "num", "divide" : 10},   
    "spbusvolt"          : {"value" :834, "length" : 2, "type" : "num", "divide" : 10},
    "etouser_tod"        : {"value" :842, "length" : 4, "type" : "num", "divide" : 10}, 
    "etouser_tot"        : {"value" :850, "length" : 4, "type" : "num", "divide" : 10}, 
    "etogrid_tod"        : {"value" :858, "length" : 4, "type" : "num", "divide" : 10}, 
    "etogrid_tot"      : {"value" :866, "length" : 4, "type" : "num", "divide" : 10},
    "edischarge1_tod"  : {"value" :874, "length" : 4, "type" : "num", "divide" : 10}, 
    "edischarge1_tot"  : {"value" :882, "length" : 4, "type" : "num", "divide" : 10}, 
    "eharge1_tod"      : {"value" :890, "length" : 4, "type" : "num", "divide" : 10}, 
    "eharge1_tot"      : {"value" :898, "length" : 4, "type" : "num", "divide" : 10}, 
    "elocalload_tod"  : {"value" :906, "length" : 4, "type" : "num", "divide" : 10}, 
    "elocalload_tot"  : {"value" :914, "length" : 4, "type" : "num", "divide" : 10} 
    },
"T060150XSPH": {
    "decrypt"           : {"value" :"True"},
    "pvserial"          : {"value" :76, "length" : 10, "type" : "text", "divide" : 10},
    "date"              : {"value" :136, "divide" : 10}, 
    "recortype"         : {"value" :154, "length" : 2, "type" : "num","incl" : "no"},
    "pvstatus"          : {"value" :158, "length" : 2, "type" : "num"},  
    "pvpowerin"         : {"value" :162, "length" : 4, "type" : "num", "divide" : 10},        
    "pv1voltage"        : {"value" :170, "length" : 2, "type" : "num", "divide" : 10},        
    "pv1current"        : {"value" :174, "length" : 2, "type" : "num", "divid   e" : 10},                        
    "pv1watt"           : {"value" :178, "length" : 4, "type" : "num", "divide" : 10},                      
    "pv2voltage"        : {"value" :186, "length" : 2, "type" : "num", "divide" : 10},                
    "pv2current"        : {"value" :190, "length" : 2, "type" : "num", "divide" : 10},                
    "pv2watt"           : {"value" :194, "length" : 4, "type" : "num", "divide" : 10},                
    "pvpowerout"        : {"value" :298, "length" : 4, "type" : "numx", "divide" : 10},                
    "pvfrequentie"      : {"value" :306, "length" : 2, "type" : "num", "divide" : 100},                
    "pvgridvoltage"     : {"value" :310, "length" : 2, "type" : "num", "divide" : 10},                
    "pvgridcurrent"     : {"value" :314, "length" : 2, "type" : "num", "divide" : 10},                
    "pvgridpower"       : {"value" :318, "length" : 4, "type" : "numx", "divide" : 10},                
    "pvgridvoltage2"    : {"value" :326, "length" : 2, "type" : "num", "divide" : 10},                
    "pvgridcurrent2"    : {"value" :330, "length" : 2, "type" : "num", "divide" : 10},                
    "pvgridpower2"      : {"value" :334, "length" : 4, "type" : "numx", "divide" : 10},                
    "pvgridvoltage3"    : {"value" :342, "length" : 2, "type" : "num", "divide" : 10},                
    "pvgridcurrent3"    : {"value" :346, "length" : 2, "type" : "num", "divide" : 10},                
    "pvgridpower3"      : {"value" :350, "length" : 4, "type" : "numx", "divide" : 10},  
    "totworktime"       : {"value" :386, "length" : 4, "type" : "num", "divide" : 7200},
    "eactoday"          : {"value" :370, "length" : 4, "type" : "num", "divide" : 10},                  
    "eactotal"          : {"value" :378, "length" : 4, "type" : "num", "divide" : 10},
    "epvtotal"          : {"value" :522, "length" : 4, "type" : "num", "divide" : 10},
    "epv1today"         : {"value" :394, "length" : 4, "type" : "num", "divide" : 10},                
    "epv1total"         : {"value" :402, "length" : 4, "type" : "num", "divide" : 10},                
    "epv2today"         : {"value" :410, "length" : 4, "type" : "num", "divide" : 10},                
    "epv2total"         : {"value" :418, "length" : 4, "type" : "num", "divide" : 10},                           
    "pvtemperature"     : {"value" :530, "length" : 2, "type" : "num", "divide" : 10},                 
    "pvipmtemperature"  : {"value" :534, "length" : 2, "type" : "num", "divide" : 10}, 
    "pvboosttemp"       : {"value" :538, "length" : 2, "type" : "num", "divide" : 10},                   
    "bat_dsp"           : {"value" :546, "length" : 2, "type" : "num", "divide" : 10},
    "pbusvolt"          : {"value" :550, "length" : 2, "type" : "num", "divide" : 10},                  
    "#nbusvolt"          : {"value" :554, "length" : 2, "type" : "num", "divide" : 10},  
    "#ipf"               : {"value" :558, "length" : 2, "type" : "num", "divide" : 10},
    "#realoppercent"     : {"value" :562, "length" : 2, "type" : "num", "divide" : 100}, 
    "#opfullwatt"        : {"value" :566, "length" : 4, "type" : "num", "divide" : 10},
    "#deratingmode"      : {"value" :574, "length" : 2, "type" : "num", "divide" : 1},
    "eacharge_today"     : {"value" :606, "length" : 4, "type" : "num", "divide" : 10}, 
    "eacharge_total"     : {"value" :614, "length" : 4, "type" : "num", "divide" : 10}, 
    "batterytype"        : {"value" :634, "length" : 2, "type" : "num", "divide" : 1}, 
    "uwsysworkmode"      : {"value" :666, "length" : 2, "type" : "num", "divide" : 1},
    "systemfaultword0"   : {"value" :670, "length" : 2, "type" : "num", "divide" : 1},
    "systemfaultword1"   : {"value" :674, "length" : 2, "type" : "num", "divide" : 1},
    "systemfaultword2"   : {"value" :678, "length" : 2, "type" : "num", "divide" : 1},
    "systemfaultword3"   : {"value" :682, "length" : 2, "type" : "num", "divide" : 1},
    "systemfaultword4"   : {"value" :686, "length" : 2, "type" : "num", "divide" : 1},
    "systemfaultword5"   : {"value" :690, "length" : 2, "type" : "num", "divide" : 1},
    "systemfaultword6"   : {"value" :694, "length" : 2, "type" : "num", "divide" : 1},
    "systemfaultword7"   : {"value" :698, "length" : 2, "type" : "num", "divide" : 1},
    "pdischarge1"        : {"value" :702, "length" : 4, "type" : "num", "divide" : 10}, 
    "p1charge1"          : {"value" :710, "length" : 4, "type" : "num", "divide" : 10}, 
    "vbat"               : {"value" :718, "length" : 2, "type" : "num", "divide" : 10}, 
    "SOC"                : {"value" :722, "length" : 2, "type" : "num", "divide" : 100}, 
    "pactouserr"         : {"value" :726, "length" : 4, "type" : "num", "divide" : 10}, 
    "#pactousers"        : {"value" :734, "length" : 4, "type" : "num", "divide" : 10}, 
    "#pactousert"        : {"value" :742, "length" : 4, "type" : "num", "divide" : 10}, 
    "pactousertot"       : {"value" :750, "length" : 4, "type" : "num", "divide" : 10},
    "pactogridr"         : {"value" :758, "length" : 4, "type" : "num", "divide" : 10}, 
    "#pactogrids"        : {"value" :766, "length" : 4, "type" : "num", "divide" : 10}, 
    "#pactogridt"        : {"value" :774, "length" : 4, "type" : "num", "divide" : 10}, 
    "pactogridtot"       : {"value" :782, "length" : 4, "type" : "num", "divide" : 10}, 
    "plocaloadr"         : {"value" :790, "length" : 4, "type" : "num", "divide" : 10}, 
    "#plocaloads"        : {"value" :798, "length" : 4, "type" : "num", "divide" : 10}, 
    "#plocaloadt"        : {"value" :806, "length" : 4, "type" : "num", "divide" : 10}, 
    "plocaloadtot"       : {"value" :814, "length" : 4, "type" : "num", "divide" : 10},   
    "#ipm"               : {"value" :822, "length" : 2, "type" : "num", "divide" : 10},   
    "#battemp"           : {"value" :826, "length" : 2, "type" : "num", "divide" : 10},   
    "spdspstatus"        : {"value" :830, "length" : 2, "type" : "num", "divide" : 10},   
    "spbusvolt"          : {"value" :834, "length" : 2, "type" : "num", "divide" : 10},
    "etouser_tod"        : {"value" :842, "length" : 4, "type" : "num", "divide" : 10}, 
    "etouser_tot"        : {"value" :850, "length" : 4, "type" : "num", "divide" : 10}, 
    "etogrid_tod"        : {"value" :858, "length" : 4, "type" : "num", "divide" : 10}, 
    "etogrid_tot"      : {"value" :866, "length" : 4, "type" : "num", "divide" : 10},
    "edischarge1_tod"  : {"value" :874, "length" : 4, "type" : "num", "divide" : 10}, 
    "edischarge1_tot"  : {"value" :882, "length" : 4, "type" : "num", "divide" : 10}, 
    "eharge1_tod"      : {"value" :890, "length" : 4, "type" : "num", "divide" : 10}, 
    "eharge1_tot"      : {"value" :898, "length" : 4, "type" : "num", "divide" : 10}, 
    "elocalload_tod"  : {"value" :906, "length" : 4, "type" : "num", "divide" : 10}, 
    "elocalload_tot"  : {"value" :914, "length" : 4, "type" : "num", "divide" : 10} 
} }