{"T060104XTL3": {
    "decrypt"           : {"value" :"True"},
    "pvserial"          : {"value" :76, "length" : 10, "type" : "text", "divide" : 10},
    "date"              : {"value" :136, "divide" : 10}, 
    "pvstatus"          : {"value" :158, "length" : 2, "type" : "num"},  
    "pvpowerin"         : {"value" :162, "length" : 4, "type" : "num", "divide" : 10},        
    "pv1voltage"        : {"value" :170, "length" : 2, "type" : "num", "divide" : 10},        
    "pv1current"        : {"value" :174, "length" : 2, "type" : "num", "divide" : 10},                        
    "pv1watt"           : {"value" :178, "length" : 4, "type" : "num", "divide" : 10},                      
    "pv2voltage"        : {"value" :186, "length" : 2, "type" : "num", "divide" : 10},                
    "pv2current"        : {"value" :190, "length" : 2, "type" : "num", "divide" : 10},                
    "pv2watt"           : {"value" :194, "length" : 4, "type" : "num", "divide" : 10},
    "pv3voltage"        : {"value" :202, "length" : 2, "type" : "num", "divide" : 10,"incl" : "no"},                
    "pv3current"        : {"value" :206, "length" : 2, "type" : "num", "divide" : 10,"incl" : "no"},                
    "pv3watt"           : {"value" :210, "length" : 4, "type" : "num", "divide" : 10,"incl" : "no"},                    
    "pvpowerout"        : {"value" :298, "length" : 4, "type" : "numx", "divide" : 10},                
    "pvfrequentie"      : {"value" :306, "length" : 2, "type" : "num", "divide" : 100},                
    "pvgridvoltage"     : {"value" :310, "length" : 2, "type" : "num", "divide" : 10},                
    "pvgridcurrent"     : {"value" :314, "length" : 2, "type" : "num", "divide" : 10},                
    "pvgridpower"       : {"value" :318, "length" : 4, "type" : "num", "divide" : 10},                
    "pvgridvoltage2"    : {"value" :326, "length" : 2, "type" : "num", "divide" : 10},                
    "pvgridcurrent2"    : {"value" :330, "length" : 2, "type" : "num", "divide" : 10},                
    "pvgridpower2"      : {"value" :334, "length" : 4, "type" : "num", "divide" : 10},                
    "pvgridvoltage3"    : {"value" :342, "length" : 2, "type" : "num", "divide" : 10},                
    "pvgridcurrent3"    : {"value" :346, "length" : 2, "type" : "num", "divide" : 10},                
    "pvgridpower3"      : {"value" :350, "length" : 4, "type" : "num", "divide" : 10},  
    "Vac_RS"            : {"value" :358, "length" : 2, "type" : "num", "divide" : 10},                
    "Vac_ST"            : {"value" :362, "length" : 2, "type" : "num", "divide" : 10},                
    "Vac_TR"            : {"value" :366, "length" : 2, "type" : "num", "divide" : 10},                
    "pvenergytoday"     : {"value" :370, "length" : 4, "type" : "num", "divide" : 10},                  
    "pvenergytotal"     : {"value" :378, "length" : 4, "type" : "num", "divide" : 10},
    "totworktime"       : {"value" :386, "length" : 4, "type" : "num", "divide" : 7200},
    "epv1today"         : {"value" :394, "length" : 4, "type" : "num", "divide" : 10},                
    "epv1total"         : {"value" :402, "length" : 4, "type" : "num", "divide" : 10},                
    "epv2today"         : {"value" :410, "length" : 4, "type" : "num", "divide" : 10},                
    "epv2total"         : {"value" :418, "length" : 4, "type" : "num", "divide" : 10},
    "epvtotal"          : {"value" :522, "length" : 4, "type" : "num", "divide" : 10},                           
    "pvtemperature"     : {"value" :530, "length" : 2, "type" : "num", "divide" : 10},                 
    "pvipmtemperature"  : {"value" :534, "length" : 2, "type" : "num", "divide" : 10},          
    "pvboottemperature" : {"value" :538, "length" : 2, "type" : "num", "divide" : 10},          
    "temp4"             : {"value" :542, "length" : 2, "type" : "num", "divide" : 10},          
    "uwBatVolt_DSP"     : {"value" :546, "length" : 2, "type" : "num", "divide" : 10},          
    "pbusvolt"          : {"value" :550, "length" : 2, "type" : "num", "divide" : 1},                  
    "nbusvolt"          : {"value" :554, "length" : 2, "type" : "num", "divide" : 1}                                
     } }