{"T060120": {
    "decrypt"           : {"value" :"True"},
    "datalogserial"     : {"value" :16, "length" : 10, "type" : "text", "divide" : 10},
    "pvserial"          : {"value" :76, "length" : 10, "type" : "text", "divide" : 10},
    "date"              : {"value" :136, "divide" : 10}, 
    "voltage_l1"        : {"value" :160, "length" : 4, "type" : "num", "divide" : 10},  
    "voltage_l2"        : {"value" :168, "length" : 4, "type" : "num", "divide" : 10,"incl" : "no"},  
    "voltage_l3"        : {"value" :176, "length" : 4, "type" : "num", "divide" : 10,"incl" : "no"},  
    "Current_l1"        : {"value" :184, "length" : 4, "type" : "num", "divide" : 10},
    "Current_l2"        : {"value" :192, "length" : 4, "type" : "num", "divide" : 10,"incl" : "no"},
    "Current_l3"        : {"value" :200, "length" : 4, "type" : "num", "divide" : 10,"incl" : "no"},            
    "act_power_l1"      : {"value" :208, "length" : 4, "type" : "numx", "divide" : 10},        
    "act_power_l2"      : {"value" :216, "length" : 4, "type" : "numx", "divide" : 10,"incl" : "no"},        
    "act_power_l3"      : {"value" :224, "length" : 4, "type" : "numx", "divide" : 10,"incl" : "no"},        
    "app_power_l1"      : {"value" :232, "length" : 4, "type" : "numx", "divide" : 10},        
    "app_power_l2"      : {"value" :240, "length" : 4, "type" : "numx", "divide" : 10,"incl" : "no"},        
    "app_power_l3"      : {"value" :248, "length" : 4, "type" : "numx", "divide" : 10,"incl" : "no"},        
    "react_power_l1"    : {"value" :256, "length" : 4, "type" : "numx","divide" : 10},        
    "react_power_l2"    : {"value" :264, "length" : 4, "type" : "numx","divide" : 10,"incl" : "no"},        
    "react_power_l3"    : {"value" :272, "length" : 4, "type" : "numx","divide" : 10,"incl" : "no"},        
    "powerfactor_l1"    : {"value" :280, "length" : 4, "type" : "numx", "divide" : 1000},                      
    "powerfactor_l2"    : {"value" :288, "length" : 4, "type" : "numx", "divide" : 1000,"incl" : "no"},                      
    "powerfactor_l3"    : {"value" :296, "length" : 4, "type" : "numx", "divide" : 1000,"incl" : "no"},                      
    "pos_rev_act_power" : {"value" :304, "length" : 4, "type" : "numx", "divide" : 10}, 
    "pos_act_power"     : {"value" :304, "length" : 4, "type" : "numx", "divide" : 10,"incl" : "no"}, 
    "rev_act_power"     : {"value" :304, "length" : 4, "type" : "numx", "divide" : 10,"incl" : "no"},
    "app_power"         : {"value" :312, "length" : 4, "type" : "numx", "divide" : 10}, 
    "react_power"       : {"value" :320, "length" : 4, "type" : "numx", "divide" : 10}, 
    "powerfactor"       : {"value" :328, "length" : 4, "type" : "numx", "divide" : 1000},   
    "frequency"         : {"value" :336, "length" : 4, "type" : "num", "divide" : 10},   
    "L1-2_voltage"      : {"value" :344, "length" : 4, "type" : "num", "divide" : 10}, 
    "L2-3_voltage"      : {"value" :352, "length" : 4, "type" : "num", "divide" : 10},   
    "L3-1_voltage"      : {"value" :360, "length" : 4, "type" : "num", "divide" : 10},   
    "pos_act_energy"    : {"value" :368, "length" : 4, "type" : "numx", "divide" : 10},  
    "rev_act_energy"    : {"value" :376, "length" : 4, "type" : "numx", "divide" : 10},   
    "pos_act_energy_kvar" : {"value" :384, "length" : 4, "type" : "numx", "divide" : 10,"incl" : "no"},    
    "rev_act_energy_kvar" : {"value" :392, "length" : 4, "type" : "numx", "divide" : 10,"incl" : "no"},   
    "app_energy_kvar"   : {"value" :400, "length" : 4, "type" : "numx", "divide" : 10,"incl" : "no"},   
    "act_energy_kwh"    : {"value" :408, "length" : 4, "type" : "numx", "divide" : 10,"incl" : "no"},   
    "react_energy_kvar" : {"value" :416, "length" : 4, "type" : "numx", "divide" : 10,"incl" : "no"}   
     } }