{"T065004X": {
    "decrypt"           : {"value" :"True"},
    "pvserial"          : {"value" :76, "length" : 10, "type" : "text", "divide" : 10},
    "date"              : {"value" :136, "divide" : 10}, 
    "pvstatus"          : {"value" :158, "length" : 2, "type" : "num"},  
    "pvpowerin"         : {"value" :162, "length" : 4, "type" : "num", "divide" : 10},        
    "pv1voltage"        : {"value" :170, "length" : 2, "type" : "num", "divide" : 10},        
    "pv1current"        : {"value" :174, "length" : 2, "type" : "num", "divide" : 10},                        
    "pv1watt"           : {"value" :178, "length" : 4, "type" : "num", "divide" : 10},                      
    "pv2voltage"        : {"value" :186, "length" : 2, "type" : "num", "divide" : 10},                
    "pv2current"        : {"value" :190, "length" : 2, "type" : "num", "divide" : 10},                
    "pv2watt"           : {"value" :194, "length" : 4, "type" : "num", "divide" : 10},                
    "pvpowerout"        : {"value" :250, "length" : 4, "type" : "num", "divide" : 10},                
    "pvfrequentie"      : {"value" :258, "length" : 2, "type" : "num", "divide" : 100},                
    "pvgridvoltage"     : {"value" :262, "length" : 2, "type" : "num", "divide" : 10},                
    "pvgridcurrent"     : {"value" :266, "length" : 2, "type" : "num", "divide" : 10},                
    "pvgridpower"       : {"value" :270, "length" : 4, "type" : "num", "divide" : 10},                
    "pvgridvoltage2"    : {"value" :278, "length" : 2, "type" : "num", "divide" : 10},                
    "pvgridcurrent2"    : {"value" :282, "length" : 2, "type" : "num", "divide" : 10},                
    "pvgridpower2"      : {"value" :286, "length" : 4, "type" : "num", "divide" : 10},                
    "pvgridvoltage3"    : {"value" :294, "length" : 2, "type" : "num", "divide" : 10},                
    "pvgridcurrent3"    : {"value" :298, "length" : 2, "type" : "num", "divide" : 10},                
    "pvgridpower3"      : {"value" :302, "length" : 4, "type" : "num", "divide" : 10},  
    "totworktime"       : {"value" :346, "length" : 4, "type" : "num", "divide" : 7200},
    "pvenergytoday"     : {"value" :354, "length" : 4, "type" : "num", "divide" : 10},                  
    "pvenergytotal"     : {"value" :362, "length" : 4, "type" : "num", "divide" : 10},
    "epvtotal"          : {"value" :370, "length" : 4, "type" : "num", "divide" : 10},
    "epv1today"         : {"value" :378, "length" : 4, "type" : "num", "divide" : 10},                
    "epv1total"         : {"value" :386, "length" : 4, "type" : "num", "divide" : 10},                
    "epv2today"         : {"value" :394, "length" : 4, "type" : "num", "divide" : 10},                
    "epv2total"         : {"value" :402, "length" : 4, "type" : "num", "divide" : 10},                           
    "pvtemperature"     : {"value" :530, "length" : 2, "type" : "num", "divide" : 10},                 
    "pvipmtemperature"  : {"value" :534, "length" : 2, "type" : "num", "divide" : 10},          
    "pbusvolt"          : {"value" :550, "length" : 2, "type" : "num", "divide" : 1},                  
    "nbusvolt"          : {"value" :554, "length" : 2, "type" : "num", "divide" : 1}                                
     } }