{"T06NNNNX": {
    "decrypt"           : {"value" :"True"},
    "pvserial"          : {"value" :76, "length" : 10, "type" : "text", "divide" : 10},
    "date"              : {"value" :136, "divide" : 10}, 
    "pvstatus"          : {"value" :158, "length" : 2, "type" : "num"},  
    "pvpowerin"         : {"value" :162, "length" : 4, "type" : "num", "divide" : 10},    
    "pv1voltage"        : {"value" :170, "length" : 2, "type" : "num", "divide" : 10},    
    "pv1current"        : {"value" :174, "length" : 2, "type" : "num", "divide" : 10},            
    "pv1watt"           : {"value" :178, "length" : 4, "type" : "num", "divide" : 10},           
    "pv2voltage"        : {"value" :186, "length" : 2, "type" : "num", "divide" : 10},        
    "pv2current"        : {"value" :190, "length" : 2, "type" : "num", "divide" : 10},        
    "pv2watt"           : {"value" :194, "length" : 4, "type" : "num", "divide" : 10},        
    "pvpowerout"        : {"value" :250, "length" : 4, "type" : "num", "divide" : 10},        
    "pvfrequentie"      : {"value" :258, "length" : 2, "type" : "num", "divide" : 100},        
    "pvgridvoltage"     : {"value" :262, "length" : 2, "type" : "num", "divide" : 10},        
    "pvenergytoday"     : {"value" :354, "length" : 4, "type" : "num", "divide" : 10},         
    "pvenergytotal"     : {"value" :362, "length" : 4, "type" : "num", "divide" : 10},         
    "pvtemperature"     : {"value" :530, "length" : 2, "type" : "num", "divide" : 10},         
    "pvipmtemperature"  : {"value" :534, "length" : 2, "type" : "num", "divide" : 10}     
    } }     